handle,title,abstract,authors,year,journal,doi,source
10261/398193,Recurrence of the Spatial Structure of Summer Larval Fish Assemblages Linked to Hydrodynamics in the NW Mediterranean,"22 pages, 11 figures, 2 tables.-- Data Availability Statement: Digital.CSIC https://doi.org/10.20350/digitalCSIC/17864 In this study, we aim to investigate the contribution of various sources of variability, environmental, spatial and interannual on the larval fish assemblages (LFA) in summer off the Catalan coast, an area with a wide array of environmental conditions. The hydrodynamics of the area is controlled by the Northern Current, flowing southwestwards along the continental slope. This current displays high mesoscale variability presenting a meandering path and a series of anticyclonic eddies over the shelf. The study was based on three ichthyoplankton surveys carried out in July 2003, 2004 and 2012. The number of identified taxa, belonging to shelf and oceanic fish species, was quite similar among cruises, around 80, with the small pelagics Engraulis encrasicolus and Sardinella aurita being the dominant species. A high spatial heterogeneity in LFA was detected throughout the studied area. Most of this heterogeneity was related to the spatial variability of environmental factors, such as the continental shelf structure, latitudinal difference in surface temperature, chlorophyll-a concentration and stratification level. Hydrodynamic structures, mainly instabilities of the Northern Current and anticyclonic eddies, and the thermal front across the shelf, also played an important role in the configuration of the LFA. Although these showed certain interannual variability, mainly related to the 2003 heat wave and the low surface productivity of 2012, the recurrence of hydrodynamic structures, together with the spawning habits of adults, means that the spatial structure of LFA is maintained in different years This work was supported by the grant PID2021-123457OB-C21 funded by MICIU/AEI/10.13039/501100011033 and ERDF/EU. This work acknowledges the Severo Ochoa Centre of Excellence accreditation (CEX2019-000928-S)","Raya, Vanesa, Salat, Jordi, Sabatés, Ana",2025,John Wiley & Sons,10.1111/fog.12738,Digital.CSIC (Handle)
10261/246719,Challenge 3: Achieving a Resilient Living Ocean,"26 pages The sustainable management of marine life is essential for the well-being of present and future human generations as it plays a crucial role in the Earth’s climate and biogeochemical cycles regulation, food security and coastal protection and provides many other goods and services of socio-economic and cultural value to humans. We identify the key scientific challenges where major research advances are needed to ensure well managed resilient living oceans in the coming decades from deep to coastal ecosystems.","Marbà, Núria, Coll, Marta, Acinas, Silvia G., Aguzzi, Jacopo, Alcoverro, Teresa, Alós, Josep, Álvarez-Salgado, Xosé Antón, Calbet, Albert, Catalán, Ignacio Alberto, Estrada, Marta, Figueiras, F. G., Garcés, Esther, Gasol, Josep M., Gili, Josep Maria, González, Ángel F., Castro, Carmen G., Hendriks, Iris E., Hinz, Hilmar, Logares, Ramiro, Macías, Diego, Macpherson, Enrique, Maldonado, Manuel, Marrasé, Cèlia, Massana, Ramon, Navarro, Joan, Olivar, M. Pilar, Pelegrí, Josep Lluís, Sabatés, Ana, Saiz, Enric, Sala, M. Montserrat, Simó, Rafel, Terrados, Jorge, Tomàs, Fiona, Turon, Xavier",2021,Editorial CSIC,10261/246719,Digital.CSIC (Handle)
10261/158705,Hindcasting the dynamics of an Eastern Mediterranean marine ecosystem under the impacts of multiple stressors,"20 pages, 9 figures, 4 tables, supplemental material https://doi.org/10.3354/meps12271 An important challenge for conserving and managing marine ecosystems is to advance our understanding of how multiple human stressors, environmental factors and marine resources interact and influence each other. The ecosystems of the Israeli Mediterranean coast have undergone significant ecological changes in recent decades, caused primarily by the introduction of alien species, fishing and the warming of the waters. Here we used a food-web model representing the continental shelf of the Israeli Mediterranean coast to explore the historical dynamics of the area considering the combined effect of alien species, fishing activities and changes in sea surface temperature and primary productivity. The food-web model was fitted to available time series of data from the early 1990s to 2010 using the temporal dynamic module of the Ecopath with Ecosim modeling approach. An important challenge was to model the numerous alien species inhabiting the Eastern Mediterranean Sea, one of the most invaded marine ecosystems of the world. Historical model simulations satisfactorily matched observed data, especially regarding alien groups. However, lack of data from the pelagic environment limited our ability to compare model output with historical observations. Trophic interactions, climate change and fishing were important factors explaining the historical dynamics of the ecosystem, which showed a degradation pattern over time. Results also highlighted an increasing proportion of alien species in biomass and catch over time, with important effects on the food web. This study represents an important step forward in understanding the changes that are occurring in the Israeli continental shelf ecosystem and the Levantine Sea X.C. was supported by an IOLR scholarship under the DESSIM project (‘A Decision Support System for the management of Israel’s Mediterranean Exclusive Economic Zone’). M.C. was partially funded by the European Commission through the Marie Curie Career Integration Grant Fellowship No. PCIG10-GA-2011-303534 to the BIOWEB project. M.C. and J.S. were partially funded by the European Union’s Horizon research program grant agreement No. 689518 for the MERCES project","Corrales, Xavier, Coll, Marta, Ofir, Eyal, Piroddi, Chiara, Goren, Menachem, Edelist, Dor, Heymans, Johanna J., Steenbeek, Jeroen, Christensen, Villy, Gal, Gideon",2018,Inter Research,10.3354/meps12271,Digital.CSIC (Handle)
10261/329833,El Archivo del MNCN participa en las VI Jornadas de la Vicedirección de Colecciones y Documentación,"Noticias.-- Evaluación de la actividad científica: un reto del presente. Los días 26 y 27 de abril de 2023 se celebraron las VI Jornadas de la Vicedirección de Colecciones y Documentación del Museo Nacional de Ciencias Naturales (MNCN-CSIC), que consolidan la voluntad de esta institución por compartir el conocimiento y mostrar el gran trabajo que se hace con las colecciones.",CSIC - Unidad de Recursos de Información Científica para la Investigación (URICI),2023,CSIC - Unidad de Recursos de Información Científica para la Investigación (URICI),10261/329833,Digital.CSIC (Handle)
10261/309329,Feasibility of Agaricus bisporus waste biomass to develop biodegradable food packaging materials,"This work aimed to valorise Agaricus bisporus biomass residues to produce bio-based and biodegradable films. To this end, two of the most widely consumed varieties, Agaricus bisporus brunnescens (Abb) and Agaricus bisporus hortensis (Abh), were compositionally characterised and then, films were formed by extrusion and compression-moulding. Proteins and β-glucans were the major components in both varieties. Abb showed a higher protein content, whereas the amount of polysaccharides and lipids was higher in Abh. Thermally-processed Abh-films showed better mechanical and barrier performance than their counterparts prepared with Abb, mainly ascribed to the higher carbohydrate and lipid content. Thus, Abh was selected to optimize the processing conditions in terms of energy consumption (from 100 to 130 °C) and barrier properties. As a result, 110 °C was selected as the optimum processing temperature for Abh-films since the mechanical properties in terms of strength were not significantly modified and barrier properties were significantly improved. The resulting film was coated with a beeswax layer to reduce its hydrophilic nature. The coated films showed similar mechanical properties than their counterparts prepared without the beeswax coating but displayed significantly better water vapour barrier performance. Furthermore, both films were easily disintegrated under composting conditions according to ISO 20200. Grant CEX2021-001189-S funded by MCIN/AEI/10.13039/501100011033. This study forms part of the AGROALNEXT programme and was supported by MCIN with funding from European Union NextGenerationEU (PRTR-C17.I1) and by Generalitat Valenciana.
This research is also part of the CSIC program for the Spanish Recovery, Transformation and Resilience Plan funded by the Recovery and Resilience Facility of the European Union, established by the Regulation (EU) 2020/2094. Interdisciplinary Platform for Sustainable Plastics towards a Circular Economy+. PTI-SusPlast+ is also acknowledged for financial support. With funding from the Spanish government through the ‘Severo Ochoa Centre of Excellence’ accreditation (CEX 2021-001189-S)","Pérez-Bassart, Zaida, Reyes, Alcira, Martínez-Abad, Antonio, López-Rubio, Amparo, Fabra, María José",2023,Elsevier,10.1016/j.foodhyd.2023.108861,Digital.CSIC (Handle)
10261/305656,Pilot study to determine the association between gut microbiota and fragility hip fracture,"Hip fractures are the most common cause of hospital admission to orthopaedic departments in Europe and they generate a major health problem. Therefore, it is of great interest to identify additional risk factors that will help us to better understand the pathophysiology of these fractures and improve our preventive capacity. There is sufficient data to support the theory of modulation of bone mass by gut microbiota (osteomicrobiology); however, there is a lack of human clinical studies directly linking microbiota to hip fracture risk. Este estudio ha sido financiado por la Ayuda a Proyectos de Investigación en Cirugía Ortopédica y Traumatología, 2019, dotada con 12.500€. El ID de la beca es el autor: J. Doménech Fernández.","Roselló Añón, A., Chiappe, C., Valverde Vázquez, M.R., Sangüesa Nebot, M.J., Gómez-Cabrera, M.C., Pérez Martínez, Gaspar, Doménech Fernández, J.",2023,Elsevier,10.1016/j.recot.2023.01.002,Digital.CSIC (Handle)
10261/265020,"Protist taxonomic and functional diversity in soil, freshwater and marine ecosystems","Protists dominate eukaryotic diversity and play key functional roles in all ecosystems, particularly by catalyzing carbon and nutrient cycling. To date, however, a comparative analysis of their taxonomic and functional diversity that compares the major ecosystems on Earth (soil, freshwater and marine systems) is missing. Here, we present a comparison of protist diversity based on standardized high throughput 18S rRNA gene sequencing of soil, freshwater and marine environmental DNA. Soil and freshwater protist communities were more similar to each other than to marine protist communities, with virtually no overlap of Operational Taxonomic Units (OTUs) between terrestrial and marine habitats. Soil protists showed higher γ diversity than aquatic samples. Differences in taxonomic composition of the communities led to changes in a functional diversity among ecosystems, as expressed in relative abundance of consumers, phototrophs and parasites. Phototrophs (eukaryotic algae) dominated freshwater systems (49% of the sequences) and consumers soil and marine ecosystems (59% and 48%, respectively). The individual functional groups were composed of ecosystem- specific taxonomic groups. Parasites were equally common in all ecosystems, yet, terrestrial systems hosted more OTUs assigned to parasites of macro-organisms while aquatic systems contained mostly microbial parasitoids. Together, we show biogeographic patterns of protist diversity across major ecosystems on Earth, preparing the way for more focused studies that will help understanding the multiple roles of protists in the biosphere.","Singer, David, Seppey, Christophe, Lentendu, Guillaume, Dunthorn, M., Bass, David, Belbahri, L., Blandenier, Q., Debroas, D., de Groot, G.A., Vargas, Colomban de, Domaizon, Isabelle, Duckert, C., Izaguirre, I., Koenig, I., Mataloni, G., Schiaffino, M.R., Mitchell, Edward A.D., Geisen, Stefan, Lara, Enrique",2022,Elsevier,10.1016/j.envint.2020.106262,Digital.CSIC (Handle)
10261/237702,"Almanaque, ciudadanía y ciudad en la España del siglo XVIII","[EN] This work refers to the way in which the city and citizens are represented in the
almanacs, a literary genre greatly popular in the eighteenth century, which contributed
among other things to coin urban images and identities and gave account of the
dynamics of modernity in the urban space. [ES] Este trabajo se refiere al modo en que la ciudad y los ciudadanos son representados en los almanaques, género literario de gran popularidad en el siglo XVIII, que contribuyó entre otras cosas a forjar imágenes urbanas e identidades y dio cuenta de las dinámicas de la modernidad en el espacio urbano. proyecto de investigación «Almanaques literarios y
pronósticos astrológicos en España durante el siglo XVIII: estudio, edición y crítica»","Álvarez Barrientos, Joaquín",2021,Université Michel de Montaigne-Bordeaux III,10.4000/bulletinhispanique.11826,Digital.CSIC (Handle)
10261/403726,dboot0016/EF2024_CESM2_EcoOcean: v1.1 [Dataset],MC acknowledges institutional support of the ‘Severo Ochoa Centre of Excellence’ accreditation (CEX2019-000928-S),"Boot, A. A., Steenbeek, Jeroen, Coll, Marta, Heydt, A. S. von der, Dijkstra, Henk A.",2025,Zenodo,10.5281/zenodo.10891002,Digital.CSIC (Handle)
10261/384180,Kais Saied’s governance: the Tunisian President’s drift from inclusive populist constitutionalism to ‘Caesarism’,"This article analyses the evolution of Kais Saied’s governance since his accession to the presidency of the Tunisian Republic in 1999. It postulates that this governance has evolved from an inclusive populist project supported by a constitutional doctrine to an authoritarian populist regime of political ‘Caesarism’. To test this hypothesis, it examines the nature of the coup d’état carried out on 21st of July 2021, pointing out that Kais Saied was supported by the security forces. Next, it recalls the context of Kais Saied’s project of populist constitutionalism, focusing on his own conception of his political mission and the pre-constitutional decisions he took that paved the way for constitutional reform and the failure of his plebiscitary ratification. It scrutinises the main features of the new constitution Kais Saied drafted, which show that it establishes a regime in which the President of the Republic assimilates himself to the will of the people and aspires to unlimited power. Finally, it examines the limits of certain tools that are supposed to represent inclusive democracy from below and the presidential elections in 2024 that lead us to consider that it would be more appropriate to speak of a democracy without the people","Desrues, Thierry, Gobe, Eric",2025,Taylor & Francis,10.1080/13629387.2025.2469056,Digital.CSIC (Handle)
10261/222004,Sensitivity analysis of driver's behavior and psychophysical conditions,"To reduce traffic accidents, an accurately estimated model is needed to capture the true relationships between the injury severity and risk factors. This study aims to propose a robust procedure to address the biases in police-reported accident data and subsequently to conduct sensitivity analyzes in order to estimate the variations in injury severity and distraction probability based on drivers’ behaviors/characteristics and psychophysical conditions. The results show that: (i) the excess speed will likely increase the probability of serious/fatal injury for drivers of all age groups by 10%; (ii) distraction and driver’ errors will likely increase the probability of serious/fatal injury in all drivers driving at a proper speed up to 1.5%; (iii) alcohol and drug consumption can significantly increase the probability of being distracted and making errors by 28.5% and 33.5% respectively; (iv) Alcohol consumption reduces the probability of driving at an appropriate speed in drivers under 25 by 40%. However, the results for drugs consumption are not as significant as the ones for alcohol consumption. This study was supported by funds from the following projects:
“Modelo cuantitativo de Red Bayesiana con capacidad predictiva de la gravedad del accidente en función de los comportamientos y actuaciones de las personas” [Qualitative Bayesian Network Model for Predicting Accident Severity Based on Personal Behaviors and Actions]. Ref. SPIP2015-01852 supported by funds from DGT (Directorate-General for Traffic). “Modelización mediante técnicas de machine learning de la influencia de las distracciones del conductor en la seguridad vial” [Modeling the influence of driver distractions on road safety using machine learning techniques]. Ref. BU300P18 supported by funds from FEDER (Fondo Europeo de Desarrollo Regional, Junta de Castilla y León).","García-Herrero, Susana, Gutiérrez, José M., Herrera, Sixto, Azimian, Amin, Mariscal Saldaña, Miguel Ángel",2020,Elsevier,10.1016/j.ssci.2019.104586,Digital.CSIC (Handle)
10261/391112,Climate warming increases global oceanic dimethyl sulfide emissions,"9 pages, 3 figures, supporting information https://doi.org/10.1073/pnas.2502077122.-- Data, Materials, and Software Availability: The in situ DMS observations are available at PMEL (https://saga.pmel.noaa.gov/dms_data) (51), PANGAEA (https://www.pangaea.de/advanced/datawarehouse.php?q=Dimethyl+sulfide) (52) and NAAMES (https://seabass.gsfc.nasa.gov/experiment/NAAMES) (53) and the combined dataset is available at https://data.mendeley.com/datasets/hyn62spny2/2 (54). The predictor variables are downloaded from the CMIP6 website (https://aims2.llnl.gov/search) (55). The code used to produce the findings of this study along with the results are available at Mahajan (2025), “Data for Climate warming increases global oceanic dimethyl sulfide emissions”, Mendeley Data, V1, doi: https://doi.org/10.17632/prtjx8jjck.1 (58). All other data are included in the manuscript and/or SI Appendix Oceanic dimethyl sulfide (DMS) is the largest natural source of atmospheric sulfur. DMS is biologically produced in seawater and emitted into the atmosphere, where its oxidation products contribute to aerosol formation with consequences for cloud albedo and the Earth’s radiative budget and climate. Climate model projections of how DMS emissions change with global warming are largely uncertain, even contradictory. Here, we use machine-learning models trained with biome-resolved global observations to simulate seawater DMS concentrations (1850 to 2100) using physico-chemical and biological predictors from eight CMIP6 models. The scatter in current projections is largely reduced, and globally averaged seawater DMS concentrations are predicted to decrease in the coming decades. However, global DMS emissions will increase due to rising surface wind speeds and sea surface temperatures which contradicts the current AR6 assessment that the DMS flux will reduce in the future. Concurrence of increasing DMS emissions and declining anthropogenic sulfur dioxide emissions suggests an increase in the relative importance of DMS to sulfate aerosol formation and its climate cooling impact The Indian Institute of Tropical Meteorology is funded by the Ministry of Earth Sciences, Government of India. We thank the Scientific Committee on Oceanic Research (SCOR) and the U.S. NSF through a grant to SCOR (Grant OCE-2140395) for financial support. R.S. holds a European Research Council Advanced Grant (SUMMIT, ERC-2018-AdG-834162). R.S. and M.G are funded by the Spanish Ministry of Science and Innovation (MCIN/AEI/10.13039/501100011033) through grant PID2022-140872NB-I00 (GOOSE) and “Severo Ochoa Centre of Excellence” CEX2019-000928-S (ICM). N.S. acknowledges funding from Fisheries and Oceans Canada","Sankirna, D. Joge, Mansour, Karam, Simó, Rafel, Galí, Martí, Steiner, Nadja, Saiz-Lopez, A., Mahajan, Anoop S.",2025,National Academy of Sciences (U.S.),10.1073/pnas.2502077122,Digital.CSIC (Handle)
10261/362410,Experiences and emotional responses of farming communities living with Asian Elephants in Southern Sri Lanka: Living with elephants in Sri Lanka,"Individuals’ tolerance toward wildlife can be based on a combination of tangible benefits and costs (e.g. economic gains and losses) as well as intangible benefits and costs (e.g. shared values and risk perceptions). Asian Elephants (Elephas maximus) potentially present both types of benefits and costs for rural communities. We examined which factors were associated with emotional responses toward wild Asian Elephants among agriculturalists using a questionnaire survey of 300 households situated around the Wetahirakanda sanctuary connecting Udawalawe and Lunugamwehera National Parks, Sri Lanka. Respondents were all from the Sinhala-Buddhist ethno-religious majority with average annual household incomes of Rs. 339,335 LKR (∼$2610 USD). We found that none of the surveyed households derived any economic benefits from tourism despite the proximity of two national parks, whereas 171 (57%) had experienced crop damage by Elephants. Though the median annual income lost due to elephants was Rs.50,000 LKR (4%), 21 households (7%) had losses exceeding 100%. Only six individuals (2%) recollected any human fatalities in their communities. Only three individuals reported positive feelings toward elephants, whereas all others had negative or neutral feelings. Economic factors were not significant predictors of feelings toward elephants, whereas fear of elephants and worry about crop damage had the largest and most significant negative effects. Our findings suggest that it might not be sufficient to reduce losses solely at an individual level, but that human-elephant coexistence interventions should target communities as a whole to reduce the spill-over effects of worry and anxiety by association with others who have experienced loss. La tolerancia de las personas hacia la vida silvestre puede basarse en una combinación de beneficios y costos tangibles (por ejemplo, ganancias y pérdidas económicas), así como beneficios y costos intangibles (por ejemplo, valores compartidos y percepciones de riesgo). Los elefantes asiáticos ( Elephas maximus ) presentan potencialmente ambos tipos de beneficios y costos para las comunidades rurales. Examinamos qué factores estaban asociados con las respuestas emocionales hacia los elefantes asiáticos salvajes entre los agricultores utilizando una encuesta por cuestionario de 300 hogares situados alrededor del santuario Wetahirakanda que conecta los parques nacionales Udawalawe y Lunugamwehera, Sri Lanka. Los encuestados eran todos de la mayoría etnoreligiosa cingalesa-budista con ingresos familiares anuales promedio de Rs. 339,335 LKR (∼$2610 USD). Descubrimos que ninguno de los hogares encuestados obtuvo beneficios económicos del turismo a pesar de la proximidad de dos parques nacionales, mientras que 171 (57%) habían experimentado daños en los cultivos por parte de los elefantes. Aunque la pérdida media de ingresos anuales a causa de los elefantes fue de 50.000 LKR (4%), 21 hogares (7%) sufrieron pérdidas superiores al 100%. Solo seis personas (2%) recordaron alguna muerte humana en sus comunidades. Solo tres personas informaron sentimientos positivos hacia los elefantes, mientras que todos los demás tenían sentimientos negativos o neutrales. Los factores económicos no fueron predictores significativos de los sentimientos hacia los elefantes, mientras que el miedo a los elefantes y la preocupación por el daño a los cultivos tuvieron los efectos negativos más grandes y significativos. Nuestros hallazgos sugieren que podría no ser suficiente reducir las pérdidas únicamente a nivel individual, sino que las intervenciones de coexistencia entre humanos y elefantes deberían dirigirse a las comunidades en su conjunto para reducir los efectos secundarios de la preocupación y la ansiedad por la asociación con otras personas que han experimentado pérdidas. La recopilación de datos fue apoyada por una subvención del Fondo para el Elefante Asiático de Pesca y Vida Silvestre de Estados Unidos (F18AP00365).","de Silva, Shermin, Ruppert, Kirstie, Knox, Jillian, Davis, Elizabeth O., Weerathunga, U. Sameera, Glikman, Jenny A.",2024,Elsevier,10.1016/j.tfp.2023.100441,Digital.CSIC (Handle)
10261/167617,Memoria IRNASA 2016,100 páginas No,"CSIC - Instituto de Recursos Naturales y Agrobiología de Salamanca (IRNASA), Baillo Almuzara, Ana, Martín Gómez, José Javier, Vázquez de Aldana, Beatriz R.",2018,CSIC - Instituto de Recursos Naturales y Agrobiología de Salamanca (IRNASA),10261/167617,Digital.CSIC (Handle)
10261/164389,"Un perfil de las personas mayores en España, 2018. Indicadores estadísticos básicos","Este informe presenta una serie de indicadores demográficos, de salud, económicos y sociales que nos proporcionan una visión de la situación de las personas mayores en España, así como de los cambios que ha experimentado en los últimos años.","Abellán García, Antonio, Ayala García, Alba, Pérez Díaz, Julio, Pujol Rodríguez, Rogelio",2018,"CSIC - Instituto de Economía, Geografía y Demografía (IEGD)",10261/164389,Digital.CSIC (Handle)
10261/227297,Soil carbon cycle responses to global change and its prediction by modelling links between key biotic and abiotic processes in terrestrial ecosystems,"Tesis doctoral inédita leída en la Universidad Autónoma de Madrid, Facultad de Ciencias, Departamento de Ecología. https://creativecommons.org/licenses/by-nc-nd/4.0/ El cambio global amenaza la conservación de la biodiversidad y de los servicios ecosistémicos que obtenemos de la naturaleza, como el secuestro de carbono (C) en suelos. Por ello es necesario mejorar nuestra capacidad de en-tender el funcionamiento de los ecosistemas y de predecir futuras respuestas ecosistémicas ante el cambio global. Sin embargo, los actuales modelos biogeoquímicos basados en aproximaciones empíricas simplifican excesivamente la complejidad ecológica del sistema suelo, subestimando además las emisiones de carbono de los ecosistemas áridos y semiáridos, porque no tienen en cuenta mecanismos de descomposición de hojarasca como la descomposición abiótica inducida por radiación solar (fotodegradación) o la descomposición biótica usando aportes de agua alternativos a la lluvia (e.g. rocío) (Adair et al., 2017). Esto tiene un enorme impacto en las estimaciones globales de emisiones y secuestro de carbono en los suelos, pues esos ecosistemas cubren aproximadamente el 45% de las tierras emergidas, siendo uno de los principales reservorios de este elemento (Hewins et al., 2019), y para finales del siglo podrían extenderse más allá del 50% de la superficie terrestre (Huang et al., 2016).En esta tesis se ha desarrollado un nuevo modelo mecanicista de suelo basado en procesos, llamado KEYLINK, que integra la estructura física del suelo, la hidrología y la diversidad funcional del suelo para la simulación del ciclo de carbono a escala de ecosistema. Las simulaciones realizadas muestran la capacidad del modelo para representar de forma integrada el papel de fenómenos biológicos como las cascadas tróficas sobre el secuestro de carbono en el suelo o sus emisiones, así como que la estructura del suelo es clave para la estabilización física y físico-química de la materia orgánica que se deposita en él. También mostraron que, bajo escenarios de cambio global, la fluctuación espacial en la radiación que incide sobre el suelo, por cambios en la cobertura vegetal, puede determinar cambios entre la prevalencia de fotodegradación de hoja-rasca en lugares más expuestos, y la prevalencia de descomposición biótica inducida por rocío en lugares más sombreados bajo la vegetación. Adicionalmente se realizaron dos experimentos para estudiar cómo el clima, la estructura del ecosistema y la variabilidad intraespecífica de la calidad de la hojarasca regulan las tasas de des-composición. En concreto, trabajamos con la hojarasca de encina, Quercus ilex, en la península ibérica. A escala regional, la estructura de la vegetación (concretamente la cobertura del soto-bosque) fue un factor más determinante que el clima. Por otro lado, el clima y el pH del suelo afectaron indirectamente a la descomposición de la hojarasca, determinando la composición química de las hojas. En conclusión, necesitamos desarrollar una nueva generación de modelos mecanicistas que integren mejor la complejidad estructural y biológica de los ecosistemas, como se ha realizado en el modelo KEYLINK para suelos de ecosistemas terrestres. Con este trabajo hemos desarrollado esta herramienta a la que se puede acceder online y que esperamos que resulte de gran utilidad para mejorar la precisión de las pre-dicciones de impactos del cambio global sobre los ecosistemas terrestres y de la retroalimentación que generan los procesos ecosistémicos al cambio climático. Tesis financiada por financiada por el proyecto del Plan Nacional VEroNICA (Vulnerability of Mediterranean Holm-Oak forests to Climate Change: Mechanisms and impact of historical management on ecosystem services).","Flores, Omar",2021,Universidad Autónoma de Madrid,10.13039/501100003329,Digital.CSIC (Handle)
10261/304635,Enabling water-based processing of graphene/alumina composites using an infiltration approach with amphiphilic triblock copolymers,"Enabling the direct infiltration of freeze-cast graphene structures with water-based ceramic suspensions, otherwise prevented by graphene's intrinsic hydrophobic behaviour, can lead to the production of hierarchical graphene/ceramic composites in a cost-effective and replicable manner. In this study, the addition of a triblock copolymer (PF127) in the formulation of water-based alumina slurries was used to allow the integration with reduced graphene oxide (rGO) scaffolds combining freeze-casting, wet chemistry processing and Spark Plasma Sintering. Wettability and infiltration tests were performed to optimise the composition of the ceramic suspension, leading to the preservation of alignment in embedded rGO scaffolds and maintaining channel widths of 5–15▒μm upon sintering at 1500∘ C. The authors would like to thank the financial support provided by the Engineering and Physical Sciences Research Council (EPSRC: EP/N509449/1) and Cardiff University. We extend the gratitude to the JECS Trust for the award given to attend the 43rd International Conference and Exposition on Advanced Ceramics and Composites (ICACC19) and the Winter Workshop at Daytona Beach, Florida organised by the American Ceramic Society (ACerS). V.G. Rocha would like to thank the Spanish Government (Ramón y Cajal fellowship, RYC2018–024404-I) and the support from the Spanish Research Agency AEI/PID2019–104028RB-100.","Menendez, Guillermo, Kynaston, Thomas, Villar-Garcia, Ignacio J., Gao, Min, Evans, Sam L., Rocha, Victoria G.",2023,Elsevier,10.1016/j.jeurceramsoc.2022.07.009,Digital.CSIC (Handle)
10261/307100,Children's exposure to size-fractioned particulate matter: Chemical composition and internal dose,"The health effects of the particulate matter (PM) depend not only on its aerodynamic diameter (AD) and chemical composition, but also on the time activity pattern of the individuals and on their age. The main objective of this work was to assess the exposure of children to aerosol particles by using personal instruments, to study the particle size and composition of the inhaled PM, and to estimate their transport and deposition into the human respiratory tract (HRT). The average daily PM2.5 exposure was 19 μg/m3 and the size fractions with the greatest contribution to PM2.5 concentrations were 1 < AD <2.5 μm and AD <0.25 μm. Results indicated a contribution of 9% from the mineral aerosol, 7.2% from anthropogenic sulphate, 6.7% from black carbon and 5% from anthropogenic trace elements to the daily exposure to PM2.5. The levels of mineral and marine elements increased with increasing particle size, while anthropogenic elements were present in higher concentrations in the finest particles. Particle size has been shown to influence the variability of daily dose deposited between the extrathoracic and alveolar-interstitial zones. On average, 3% of the PM deposited in the bronchial region, whereas 5% to 8% were found in the bronchiolar region. The level of physical activity had a significant contribution to the total daily dose. This work was supported by LIFE Index-Air project (LIFE15 ENV/PT/000674). This work reflects only the authors' view and EASME is not responsible for any use that may be made of the information it contains. Authors also gratefully acknowledge the FCT support through the UIDB/04349/2020 project and the PhD grants SFRH/BD/129149/2017 and SFRH/BD/147074/2019. M. Pilou's research is co-financed by Greece and the European Union (European Social Fund - ESF) through the Operational Programme “Human Resources Development, Education and Lifelong Learning” in the context of the project “Reinforcement of Postdoctoral Researchers - 2nd Cycle” (MIS-5033021), implemented by the State Scholarships Foundation (ΙΚΥ). The authors are also grateful for the support to CESAM (UIDB/50017/2020 & UIDP/50017/2020) to FCT/MCTES through national funds, and co-funding by FEDER, within the PT2020 Partnership Agreement and Compete 2020.","Faria, T., Cunha-Lopes, I., Pilou, M., Housiadas, C., Querol, Xavier, Alves, C., Almeida, S. M.",2023,Elsevier,10.1016/j.scitotenv.2022.153745,Digital.CSIC (Handle)
10261/377909,Bacterial Production Modulates the Persistence of Organophosphate Ester Flame Retardants and Plasticizers in the Ocean,"Understanding the biodegradation of organic pollutants is crucial for assessing the persistence and fate of these contaminants and improve their risk assessment, eventually drawing policy. The occurrence of organophosphate ester (OPE) flame retardants and plasticizers has been widely reported in the marine environment. However, few studies have assessed the potential of marine microorganisms to degrade them, particularly under oceanic conditions. Here, we report the results of six degradation experiments where in situ bacterial communities were challenged with environmentally relevant concentrations of OPEs in the Atlantic and Southern Oceans. Hydrophobic aryl-OPEs significantly decreased by 60% and 25% in the Atlantic and Southern Oceans, respectively. In Atlantic waters, up to 40% of OPE depletion was due to sorption to cells and close to 20% to biodegradation. The cold temperatures of the Southern Ocean resulted in a slower, nondetectable biodegradation, further confirmed by bacterial production results. Bacterial composition exposed to OPEs also showed a larger degree of changes in the Atlantic than in the Southern Ocean. Significant negative correlations were found between the fold changes in bacterial production and the decreases in OPE concentrations, suggesting that bacterial carbon demand is directly related to OPE biodegradation in the oceans. We thank the staff of the Marine Technology Unit (UTM-CSIC) and the crew of the research ships Sarmiento de Gamboa and Hespérides for their logistical support during the sampling campaigns. J.I. acknowledges the predoctoral FPU fellowship (FPU19/02782) funded by the Spanish Ministry of Science. This work was supported by the Spanish Research Agency through projects ANTOM (PGC2018-096612-B-I00), PANTOC (PID2021-127769NB-I00), and MIQAS (PID2021-128084OB-I00). The research group of Global Change and Genomic Biogeochemistry receives support from the Catalan Government (2021-SGR-00448).","Iriarte, Jon, Trilla-Prieto, Núria, Berrojalbiz, Naiara, Vila-Costa, Maria, Dachs, Jordi",2025,American Chemical Society,10.1021/acs.estlett.4c01128,Digital.CSIC (Handle)
10261/393431,"Catalogue and Analysis of Extraordinary Precipitation Events in the Spanish Mainland, 1916-2022","21 Pags.- 10 Figs.- 5 Tabls.     Data Availability Statement: The data that support the findings of this study are openly available in DIGITAL CSIC at http://hdl.handle.net/10261/354840.     © 2025 The Author(s). International Journal of Climatology published by John Wiley & Sons Ltd on behalf of Royal Meteorological Society. This is an open access article under the terms of the Creative Commons Attribution-NonCommercial-NoDerivs License. Catalogues of past hazardous events are essential for understanding their magnitude, frequency, geographical distribution and underlying mechanisms. Such compilations provide critical data for identifying patterns, improving predictive models, and enhancing preparedness, thereby contributing to the mitigation of future risks and facilitating effective adaptation to climate-related hazards. In this article, we present the first comprehensive catalogue of extraordinary precipitation over the Spanish mainland, spanning more than a century. This work provides valuable insights into spatial and temporal patterns of these events. We compiled monthly maxima of daily precipitation (Rx1day) exceeding 100 and 200 mm by combining the documentary collections of the AEMET National Climate Data Bank (1916–2022) with newly digitised data from the Annual Summaries of Observation Books (1916–1950). As a result, this dataset represents the most extensive and detailed collection of extraordinary precipitation events in the region. It includes 19,184 monthly maxima records above 100 mm from 4325 observatories, occurring across 4814 days (events). Additionally, there are 1130 records exceeding 200 mm, grouped into 530 days and recorded in 664 observatories. As anticipated, extraordinary rainfalls were most frequent in autumn, while summer recorded the lowest number of events. These events occurred across nearly all regions, although a higher concentration were observed near coastlines. This is particularly the case of records and events over 200 mm, which concentrated along the Mediterranean arc. We identified five spatial patterns that correspond with specific weather types. Beyond atmospheric circulation, the topography played a critical role in determining the spatial extension of extraordinary precipitations. The newly digitised dataset is available at https://digital.csic.es/handle/10261/354840, accompanied by a collection of maps of daily events. Raw data from the AEMET's National Climate Data Bank are subject to a licenced agreement. This work was supported by Spanish Governement, Ministerio de Ciencia e Innovación-European Social Fund, Grant/Award Numbers: PID2020-116860RB-C22, CGL2017-83866-C3-1-R; Regional Government of Aragon, Geoenvironmental and Global Climate Change Research Group, Grant/Award Number: E02-23R. Geoenvironmental and Global Climate Change Research Group.”","González-Hidalgo, José Carlos, Beguería, Santiago, Peña-Angulo, Dhais, Trullenque Blanco, Víctor",2025,John Wiley & Sons,10.1002/joc.8785,Digital.CSIC (Handle)
